09:45,12:15,17:00,19:30
09:45,12:15,17:00,19:30
08:05,11:00,13:45,16:15,18:45
08:05,11:00,13:45,16:15,18:45
08:05,11:00,13:45,16:15,18:45
08:05,11:00,13:45,16:15,18:45
08:05,11:00,13:45,16:15,18:45
08:05,11:00,13:45,16:15,18:45
09:45,12:15,17:00,19:30
08:05,11:00,13:45,16:15,18:45
09:45,12:15,17:00,19:30
08:05,11:00,13:45,16:15,18:45
08:05,11:00,13:45,16:15,18:45
08:05,11:00,13:45,16:15,18:45
08:05,11:00,13:45,16:15,18:45
09:45,12:15,17:00,19:30
08:05,11:00,13:45,16:15,18:45
08:05,11:00,13:45,16:15,18:45
08:05,11:00,13:45,16:15,18:45
08:05,11:00,13:45,16:15,18:45
08:05,11:00,13:45,16:15,18:45
08:05,11:00,13:45,16:15,18:45
09:45,12:15,17:00,19:30
08:05,11:00,13:45,16:15,18:45
08:05,11:00,13:45,16:15,18:45
08:05,11:00,13:45,16:15,18:45
08:05,11:00,13:45,16:15,18:45
08:05,11:00,13:45,16:15,18:45
08:05,11:00,13:45,16:15,18:45
09:45,12:15,17:00,19:30
