08:15,09:30,11:15,12:45,14:45,17:15,19:00,20:00
08:00,09:30,11:15,12:45,14:15,17:15,19:00,20:00
08:00,09:30,11:15,12:45,14:15,17:15,19:00
07:30,09:30,11:45,14:30,19:30
08:00,10:30,12:00,16:15,19:30
08:00,12:30,16:15,19:30,20:00
08:00,12:30,16:15,19:30,20:00
08:00,09:45,13:00,17:15,19:30
08:00,09:45,13:00,17:15,19:30
08:15,09:45,13:00,17:15,19:30
08:15,11:15,16:15,19:30
08:00,09:45,11:15,14:15,17:15,19:30,20:00
08:00,09:45,11:15,14:15,17:15,19:30
08:00,09:45,11:15,14:15,17:15,19:30,20:00
08:00,09:45,11:15,14:15,17:15,19:30
08:00,09:45,11:15,14:15,17:15,19:30,20:00
08:00,09:45,11:15,14:15,17:15,19:30
08:15,09:45,11:15,14:15,17:15,19:30,20:00
08:00,09:45,11:15,14:15,17:15,19:30
08:00,09:45,11:15,14:15,17:15,19:30,20:00
08:00,09:45,11:15,14:15,17:15,19:30
08:00,09:45,11:15,14:15,17:15,19:30,20:00
08:00,09:45,11:15,14:15,17:15,19:30
08:00,09:45,11:15,14:15,17:15,19:30,20:00
08:00,09:45,11:15,14:15,17:15,19:30
08:00,09:45,11:15,14:15,17:15,19:30
08:00,09:45,11:15,14:15,17:15,19:30
08:00,09:45,11:15,14:15,17:15,19:30,20:00
08:00,09:45,11:15,14:15,17:15,19:30,20:15
08:00,09:45,11:15,14:15,17:15,19:30,20:00
08:00,09:45,11:15,14:15,17:15,19:30
