08:30,11:00,15:45,18:15
08:30,11:00,15:45,18:15
06:50,09:30,12:30,15:00,17:30
06:50,09:30,12:30,15:00,17:30
06:50,09:30,12:30,15:00,17:30
06:50,09:30,12:30,15:00,17:30
06:50,09:30,12:30,15:00,17:30
06:50,09:30,12:30,15:00,17:30
08:30,11:00,15:45,18:15
06:50,09:30,12:30,15:00,17:30
08:30,11:00,15:45,18:15
06:50,09:30,12:30,15:00,17:30
08:30,11:00,15:45,18:15
06:50,09:30,12:30,15:00,17:30
06:50,09:30,12:30,15:00,17:30
08:30,11:00,15:45,18:15
06:50,09:30,12:30,15:00,17:30
06:50,09:30,12:30,15:00,17:30
06:50,09:30,12:30,15:00,17:30
06:50,09:30,12:30,15:00,17:30
06:50,09:30,12:30,15:00,17:30
06:50,09:30,12:30,15:00,17:30
08:30,11:00,15:45,18:15
06:50,09:30,12:30,15:00,17:30
08:30,11:00,15:45,15:00,17:30
06:50,09:30,12:30,15:00,17:30
06:50,09:30,12:30,15:00,17:30
08:30,11:00,15:45,15:00,17:30
06:50,09:30,12:30,15:00,17:30
08:30,11:00,15:45,15:00,17:30
08:30,11:00,15:45,18:15

